Code,Area,Year ending Dec 1995,Year ending Mar 1996,Year ending Jun 1996,Year ending Sep 1996,Year ending Dec 1996,Year ending Mar 1997,Year ending Jun 1997,Year ending Sep 1997,Year ending Dec 1997,Year ending Mar 1998,Year ending Jun 1998,Year ending Sep 1998,Year ending Dec 1998,Year ending Mar 1999,Year ending Jun 1999,Year ending Sep 1999,Year ending Dec 1999,Year ending Mar 2000,Year ending Jun 2000,Year ending Sep 2000,Year ending Dec 2000,Year ending Mar 2001,Year ending Jun 2001,Year ending Sep 2001,Year ending Dec 2001,Year ending Mar 2002,Year ending Jun 2002,Year ending Sep 2002,Year ending Dec 2002,Year ending Mar 2003,Year ending Jun 2003,Year ending Sep 2003,Year ending Dec 2003,Year ending Mar 2004,Year ending Jun 2004,Year ending Sep 2004,Year ending Dec 2004,Year ending Mar 2005,Year ending Jun 2005,Year ending Sep 2005,Year ending Dec 2005,Year ending Mar 2006,Year ending Jun 2006,Year ending Sep 2006,Year ending Dec 2006,Year ending Mar 2007,Year ending Jun 2007,Year ending Sep 2007,Year ending Dec 2007,Year ending Mar 2008,Year ending Jun 2008,Year ending Sep 2008,Year ending Dec 2008,Year ending Mar 2009,Year ending Jun 2009,Year ending Sep 2009,Year ending Dec 2009,Year ending Mar 2010,Year ending Jun 2010,Year ending Sep 2010,Year ending Dec 2010,Year ending Mar 2011,Year ending Jun 2011,Year ending Sep 2011,Year ending Dec 2011,Year ending Mar 2012,Year ending Jun 2012,Year ending Sep 2012,Year ending Dec 2012,Year ending Mar 2013,Year ending Jun 2013,Year ending Sep 2013,Year ending Dec 2013,Year ending Mar 2014,Year ending Jun 2014,Year ending Sep 2014,Year ending Dec 2014,Year ending Mar 2015,Year ending Jun 2015,Year ending Sep 2015,Year ending Dec 2015,Year ending Mar 2016,Year ending Jun 2016,Year ending Sep 2016,Year ending Dec 2016,Year ending Mar 2017,Year ending Jun 2017,Year ending Sep 2017,Year ending Dec 2017
,,,,,,,,,,,,,,,,,,,,,,,,,,,,,,,,,,,,,,,,,,,,,,,,,,,,,,,,,,,,,,,,,,,,,,,,,,,,,,,,,,,,,,,,,,
E09000001,City of London,"1,46,043","1,48,413","1,39,566","1,31,873","1,36,344","1,42,328","1,48,007","1,49,608","1,56,418","2,13,794","2,13,568","2,17,317","2,27,377","2,34,913","2,35,523","2,36,697","2,32,854","2,06,771","2,14,423","2,26,076","2,55,964","2,68,057","2,95,789","2,85,685","2,66,277","2,55,967","2,44,239","2,61,105","2,70,879","2,97,951","3,13,641","3,19,898","3,22,733","3,02,354","2,96,582","3,00,293","2,92,696","3,17,368","3,21,729","3,23,203","3,29,697","3,33,271","3,36,928","3,56,220","3,74,654","4,02,895","4,30,009","4,73,261","4,90,706","4,88,830","4,73,844","4,30,785","4,12,940","3,94,770","4,21,877","4,27,827","4,49,611","4,68,528","4,92,036","5,18,363","5,24,581","5,51,928","5,59,837","5,38,396","5,41,192","5,19,473","5,06,388","5,34,541","5,37,160","5,76,071","6,41,040","7,12,848","7,75,504","8,00,764","8,10,172","8,78,768","8,94,046","9,02,590","9,31,764","9,29,347","9,26,292","9,35,604","9,17,834","8,95,825","9,28,037","9,29,037","9,53,512","9,61,783","9,50,760"
E09000002,Barking and Dagenham,"50,615","50,589","50,972","51,680","51,680","52,225","53,081","54,582","56,222","57,561","59,655","61,633","63,874","65,240","66,133","67,879","69,544","71,789","75,688","79,887","84,111","86,119","88,526","91,287","94,451","97,706","1,02,893","1,10,959","1,18,795","1,26,389","1,34,500","1,40,558","1,45,661","1,49,022","1,54,088","1,59,705","1,63,828","1,67,318","1,68,396","1,68,923","1,69,663","1,70,589","1,71,827","1,73,401","1,75,139","1,78,076","1,81,970","1,87,503","1,92,859","1,96,730","1,99,339","1,99,395","1,96,942","1,90,499","1,80,768","1,70,769","1,66,483","1,67,337","1,70,149","1,74,817","1,79,018","1,79,947","1,79,734","1,80,056","1,80,165","1,80,735","1,81,356","1,80,689","1,81,471","1,82,516","1,84,691","1,86,136","1,87,943","1,91,799","1,97,574","2,07,119","2,15,810","2,21,029","2,26,261","2,34,226","2,44,126","2,54,179","2,65,260","2,75,923","2,89,176","2,99,383","3,01,708","3,02,686","3,01,518"
E09000003,Barnet,"1,11,019","1,11,312","1,10,356","1,10,408","1,11,203","1,14,975","1,20,432","1,28,540","1,35,580","1,39,499","1,44,040","1,45,082","1,47,673","1,50,357","1,56,951","1,68,247","1,73,356","1,80,110","1,88,261","1,92,566","1,99,147","2,04,361","2,08,277","2,14,894","2,20,955","2,28,524","2,36,210","2,51,457","2,57,942","2,63,565","2,70,943","2,73,805","2,84,178","2,86,704","2,97,238","3,04,788","3,06,902","3,12,526","3,10,959","3,12,970","3,18,450","3,20,737","3,27,188","3,35,510","3,41,937","3,50,127","3,56,644","3,68,148","3,80,566","3,88,585","3,95,526","3,94,071","3,87,784","3,85,149","3,80,570","3,79,779","3,82,143","3,93,511","4,02,312","4,29,068","4,44,386","4,56,996","4,55,169","4,41,515","4,40,755","4,24,052","4,37,962","4,44,920","4,50,269","4,64,213","4,61,061","4,69,762","4,79,968","4,90,858","5,03,791","5,29,833","5,34,786","5,44,387","5,53,199","5,53,003","5,66,874","5,76,762","5,82,039","5,81,036","5,84,202","5,90,823","6,16,325","6,38,641","6,67,593"
E09000004,Bexley,"66,294","66,237","66,892","67,535","69,941","71,221","72,937","74,479","75,484","78,094","80,639","83,464","85,497","86,471","88,083","90,888","94,395","97,244","1,00,934","1,05,975","1,09,347","1,13,406","1,17,275","1,22,120","1,26,216","1,29,499","1,35,772","1,43,049","1,51,225","1,57,175","1,64,153","1,69,996","1,74,984","1,78,153","1,81,582","1,85,180","1,88,354","1,91,430","1,92,471","1,93,632","1,94,798","1,96,380","2,00,220","2,04,376","2,09,006","2,12,040","2,15,892","2,20,484","2,23,771","2,26,419","2,26,108","2,24,553","2,19,495","2,14,607","2,10,149","2,08,169","2,09,521","2,14,078","2,18,041","2,22,241","2,26,616","2,24,495","2,26,643","2,27,258","2,26,283","2,27,661","2,25,891","2,25,289","2,25,465","2,27,935","2,30,453","2,32,324","2,36,952","2,40,225","2,47,206","2,58,740","2,67,268","2,74,668","2,77,861","2,85,822","2,95,262","3,06,399","3,19,770","3,31,444","3,40,626","3,45,354","3,47,505","3,52,460","3,57,779"
E09000005,Brent,"77,258","78,576","79,455","81,030","82,824","85,174","87,618","91,095","96,499","99,886","1,05,385","1,09,341","1,11,868","1,14,410","1,15,185","1,19,513","1,25,958","1,32,770","1,41,417","1,49,040","1,54,194","1,57,967","1,63,589","1,71,172","1,75,865","1,81,500","1,88,694","1,98,420","2,10,014","2,16,474","2,22,446","2,26,904","2,30,062","2,35,216","2,41,379","2,47,039","2,49,534","2,52,598","2,55,392","2,60,484","2,66,301","2,68,834","2,72,755","2,77,810","2,84,109","2,90,656","2,99,635","3,13,218","3,21,197","3,28,586","3,32,668","3,30,942","3,28,763","3,24,429","3,18,751","3,15,397","3,22,691","3,21,005","3,26,529","3,37,142","3,45,055","3,55,371","3,62,081","3,61,550","3,60,423","3,64,499","3,68,615","3,82,601","3,95,126","3,98,642","4,06,327","4,18,762","4,29,877","4,43,359","4,51,091","4,58,691","4,68,859","4,81,269","4,91,118","4,94,092","5,06,322","5,15,414","5,17,225","5,26,828","5,17,497","5,18,109","5,36,120","5,47,212","5,78,705"
E09000006,Bromley,"93,441","94,248","94,768","96,802","97,597","98,496","99,637","1,02,123","1,05,027","1,07,770","1,11,639","1,15,193","1,18,048","1,20,150","1,25,292","1,31,777","1,38,486","1,44,810","1,50,975","1,58,684","1,64,025","1,68,156","1,73,498","1,77,342","1,82,176","1,85,380","1,90,907","2,00,574","2,09,252","2,18,303","2,27,314","2,33,278","2,38,066","2,41,175","2,46,983","2,53,429","2,59,452","2,61,741","2,64,408","2,66,298","2,67,788","2,71,188","2,73,731","2,77,798","2,82,058","2,86,189","2,94,255","3,06,050","3,16,391","3,21,168","3,20,312","3,18,035","3,04,375","3,02,607","2,98,434","2,90,219","3,01,946","3,04,674","3,15,267","3,26,287","3,27,306","3,29,496","3,29,436","3,33,054","3,36,236","3,33,060","3,32,992","3,31,857","3,33,020","3,36,649","3,39,067","3,42,553","3,54,045","3,60,047","3,73,059","3,89,488","3,97,487","4,10,234","4,18,085","4,29,597","4,41,675","4,51,676","4,61,829","4,69,729","4,78,142","4,83,847","4,89,823","4,96,853","5,02,623"
E09000007,Camden,"1,51,364","1,50,180","1,55,522","1,64,692","1,68,988","1,76,378","1,81,088","1,82,975","1,93,421","1,98,580","2,06,955","2,19,454","2,20,291","2,22,679","2,25,825","2,37,730","2,48,232","2,62,532","2,78,700","2,93,706","3,11,696","3,20,914","3,26,564","3,35,540","3,39,288","3,42,393","3,49,902","3,66,647","3,77,033","3,79,878","3,89,019","3,82,413","3,77,836","3,83,676","3,86,176","3,96,617","4,11,840","4,20,635","4,32,265","4,45,935","4,40,809","4,56,816","4,65,027","4,71,412","4,92,802","5,09,245","5,24,308","5,52,856","5,62,205","5,75,997","6,14,702","6,30,638","6,56,935","6,63,859","6,26,541","6,01,747","6,00,683","6,25,664","6,30,093","6,86,622","7,16,429","7,33,840","7,47,277","7,37,439","7,24,250","7,09,143","7,25,270","7,45,579","7,80,751","7,85,352","7,92,785","8,27,177","8,36,170","8,58,321","8,89,350","9,15,199","9,66,927","9,84,644","9,96,667","10,41,169","10,40,035","10,85,177","10,88,629","10,45,917","10,63,248","10,29,438","10,82,928","11,21,810","10,99,876"
E09000008,Croydon,"71,800","72,145","73,119","74,630","75,678","77,097","78,531","81,044","83,343","85,292","88,450","91,508","94,296","97,019","99,148","1,03,161","1,07,094","1,10,717","1,16,604","1,21,823","1,28,084","1,31,707","1,35,020","1,40,551","1,44,254","1,49,160","1,56,138","1,63,704","1,72,274","1,78,499","1,84,661","1,91,175","1,96,228","1,99,477","2,03,132","2,06,478","2,09,354","2,12,409","2,15,137","2,18,009","2,18,049","2,18,828","2,20,328","2,24,320","2,30,773","2,34,773","2,38,353","2,43,670","2,47,869","2,50,809","2,54,684","2,55,613","2,53,571","2,52,069","2,42,241","2,34,893","2,33,442","2,38,663","2,44,147","2,49,130","2,54,458","2,54,109","2,55,728","2,55,105","2,56,219","2,54,580","2,58,380","2,61,653","2,62,587","2,66,173","2,63,094","2,66,282","2,71,891","2,75,229","2,83,077","2,92,315","3,00,572","3,09,625","3,18,591","3,28,459","3,40,768","3,50,929","3,57,942","3,66,448","3,72,054","3,77,366","3,85,383","3,95,862","3,99,645"
E09000009,Ealing,"91,045","90,306","90,963","93,989","97,595","99,959","1,03,396","1,08,733","1,12,582","1,16,903","1,21,160","1,23,864","1,26,671","1,29,245","1,35,146","1,44,481","1,53,236","1,59,802","1,67,537","1,72,516","1,76,993","1,80,835","1,84,948","1,94,377","1,96,261","2,01,282","2,07,530","2,17,203","2,27,974","2,32,589","2,37,964","2,36,965","2,38,760","2,43,458","2,47,940","2,55,905","2,60,325","2,64,973","2,68,006","2,70,027","2,71,985","2,74,176","2,78,814","2,87,382","2,92,639","2,98,141","3,04,798","3,13,084","3,27,798","3,35,147","3,40,764","3,39,024","3,27,502","3,22,873","3,17,427","3,22,500","3,28,818","3,34,747","3,38,221","3,44,032","3,50,588","3,52,163","3,57,954","3,68,398","3,75,143","3,76,149","3,84,520","3,86,191","3,97,675","4,03,533","4,11,674","4,23,399","4,27,847","4,47,783","4,60,776","4,86,683","5,01,526","5,06,192","5,07,766","5,09,376","5,24,967","5,39,608","5,42,632","5,46,006","5,53,669","5,52,560","5,68,092","5,77,818","5,78,110"
E09000010,Enfield,"78,510","77,819","79,326","80,649","82,956","85,450","89,034","92,547","95,078","97,501","98,481","1,00,356","1,02,483","1,03,798","1,06,718","1,10,463","1,13,881","1,17,694","1,22,376","1,28,100","1,33,086","1,37,341","1,42,995","1,49,615","1,54,918","1,58,129","1,62,456","1,70,193","1,78,250","1,87,501","1,94,934","2,00,801","2,05,939","2,06,596","2,10,342","2,15,672","2,20,110","2,25,490","2,28,943","2,28,050","2,28,931","2,29,433","2,34,096","2,42,620","2,44,472","2,47,452","2,52,634","2,59,161","2,67,817","2,73,574","2,76,152","2,73,302","2,71,592","2,67,345","2,63,633","2,65,338","2,66,596","2,70,103","2,72,617","2,78,265","2,84,303","2,89,501","2,87,567","2,84,098","2,85,335","2,80,742","2,87,020","2,92,622","2,95,101","3,03,082","3,00,209","3,03,138","3,09,261","3,13,348","3,23,864","3,38,688","3,50,007","3,63,178","3,71,581","3,78,790","3,89,903","4,04,433","4,19,358","4,38,829","4,50,294","4,59,261","4,64,622","4,61,150","4,63,806"
E09000011,Greenwich,"73,079","73,498","75,722","75,908","76,051","77,946","78,322","80,710","82,966","83,946","87,002","89,420","93,892","96,759","99,996","1,06,391","1,11,953","1,15,141","1,21,010","1,26,150","1,30,980","1,36,199","1,40,157","1,45,258","1,48,821","1,54,364","1,61,006","1,69,424","1,76,529","1,79,015","1,84,352","1,89,960","1,94,558","1,96,316","1,98,923","2,03,770","2,08,339","2,14,116","2,20,373","2,22,396","2,25,123","2,27,237","2,29,941","2,35,855","2,37,557","2,41,251","2,46,712","2,51,771","2,60,342","2,64,979","2,70,948","2,70,535","2,67,688","2,66,531","2,54,025","2,62,239","2,64,755","2,72,505","2,80,175","2,89,934","2,96,528","2,96,229","2,97,034","2,96,191","2,96,637","2,93,986","2,94,322","2,89,781","2,93,544","2,97,684","3,02,635","3,16,448","3,30,113","3,38,461","3,57,073","3,65,534","3,69,977","3,72,919","3,71,073","3,82,598","4,01,116","4,17,230","4,26,328","4,34,975","4,45,432","4,52,824","4,56,559","4,63,022","4,62,820"
E09000012,Hackney,"71,607","73,233","73,166","74,597","75,653","76,834","80,626","84,634","89,193","92,478","96,091","1,00,052","1,03,205","1,07,182","1,12,235","1,20,482","1,28,381","1,35,157","1,41,987","1,48,238","1,55,478","1,58,979","1,66,920","1,73,208","1,78,984","1,83,969","1,88,965","1,97,249","2,04,119","2,09,716","2,15,013","2,21,086","2,24,569","2,29,012","2,33,346","2,34,994","2,36,936","2,38,846","2,40,076","2,43,037","2,49,624","2,53,059","2,59,889","2,68,776","2,75,795","2,83,918","2,91,199","3,05,566","3,13,566","3,18,847","3,27,871","3,24,069","3,18,166","3,19,013","2,96,991","3,03,744","3,13,700","3,17,652","3,35,968","3,44,246","3,45,288","3,47,773","3,43,681","3,45,224","3,54,522","3,55,782","3,63,159","3,71,572","3,79,410","3,87,506","4,01,228","4,17,913","4,30,254","4,48,611","4,65,307","4,85,170","5,01,633","5,07,517","5,24,610","5,40,253","5,64,761","5,87,108","5,94,696","6,09,711","6,02,843","5,98,546","6,02,686","6,03,130","6,14,955"
E09000013,Hammersmith and Fulham,"1,37,774","1,42,207","1,45,181","1,49,130","1,50,521","1,50,573","1,57,928","1,68,180","1,76,577","1,85,300","1,91,043","1,95,077","1,97,311","1,99,939","2,08,671","2,23,996","2,40,838","2,52,135","2,64,087","2,73,213","2,81,619","2,88,833","2,94,776","3,06,661","3,06,977","3,11,028","3,26,447","3,34,481","3,45,434","3,49,455","3,49,790","3,52,980","3,57,956","3,64,880","3,74,536","3,85,799","3,86,124","3,93,381","3,99,363","4,08,801","4,18,105","4,24,600","4,35,166","4,47,443","4,53,325","4,66,811","4,85,217","5,10,794","5,34,857","5,53,330","5,65,457","5,63,831","5,65,249","5,55,758","5,29,081","5,36,470","5,55,613","5,68,458","5,91,972","6,19,489","6,22,446","6,28,935","6,42,716","6,35,788","6,38,126","6,34,341","6,39,039","6,61,635","6,75,674","7,03,575","7,17,400","7,40,705","7,66,921","7,82,831","8,02,443","8,37,631","8,86,074","9,05,689","9,43,205","9,47,106","9,40,897","9,44,626","9,36,828","9,31,396","9,40,225","9,32,931","9,37,893","9,65,532","9,72,231"
E09000014,Haringey,"89,630","93,066","95,653","97,231","1,02,676","1,02,120","1,03,576","1,06,952","1,06,794","1,11,236","1,16,899","1,21,270","1,23,957","1,24,055","1,26,485","1,37,191","1,43,404","1,48,509","1,56,818","1,61,270","1,69,316","1,78,086","1,84,969","1,88,669","1,93,583","1,95,032","2,01,513","2,16,725","2,26,533","2,33,364","2,36,680","2,35,836","2,37,220","2,41,338","2,48,213","2,54,091","2,59,485","2,65,853","2,68,899","2,75,564","2,74,262","2,75,931","2,81,987","2,95,364","3,05,233","3,13,639","3,25,746","3,39,308","3,52,754","3,59,339","3,64,066","3,53,203","3,46,868","3,46,455","3,34,027","3,43,171","3,50,064","3,60,777","3,70,636","3,83,760","3,95,977","4,06,455","4,10,736","4,17,485","4,11,253","4,01,489","4,13,225","4,10,011","4,16,303","4,37,605","4,37,657","4,62,459","4,81,674","4,81,360","5,00,502","5,27,783","5,42,902","5,50,309","5,49,650","5,44,476","5,69,499","5,87,651","6,04,665","6,14,791","6,06,629","6,26,473","6,44,927","6,68,129","6,83,987"
E09000015,Harrow,"90,114","90,960","91,975","92,951","94,547","95,827","99,099","1,04,198","1,09,330","1,13,977","1,17,577","1,21,487","1,23,547","1,26,047","1,28,922","1,35,238","1,42,317","1,48,087","1,56,719","1,62,802","1,68,105","1,69,905","1,74,710","1,81,404","1,85,011","1,91,403","1,98,543","2,09,456","2,21,864","2,27,398","2,37,057","2,46,673","2,54,590","2,58,278","2,63,217","2,66,960","2,71,431","2,77,970","2,77,569","2,78,923","2,81,710","2,80,227","2,87,119","2,92,942","2,95,528","3,01,080","3,03,858","3,15,073","3,20,820","3,28,056","3,31,027","3,21,849","3,14,681","3,05,254","2,94,625","2,88,922","2,90,911","2,95,888","3,06,699","3,19,146","3,31,517","3,39,319","3,39,497","3,42,617","3,43,717","3,38,859","3,42,168","3,41,036","3,43,714","3,48,427","3,49,936","3,58,677","3,69,829","3,80,685","3,99,971","4,16,156","4,27,077","4,39,138","4,44,425","4,50,849","4,61,919","4,74,121","4,78,243","4,92,107","5,04,811","5,11,591","5,22,208","5,26,390","5,27,206"
E09000016,Havering,"75,226","75,437","76,473","76,968","79,625","80,378","82,066","84,084","84,998","86,354","89,447","92,437","95,269","98,096","1,00,278","1,03,845","1,06,996","1,09,213","1,13,445","1,17,686","1,22,976","1,26,453","1,29,851","1,33,763","1,36,554","1,40,223","1,46,505","1,55,421","1,63,234","1,70,641","1,77,266","1,85,002","1,92,244","1,95,232","2,00,767","2,05,282","2,08,511","2,14,631","2,16,435","2,18,142","2,19,961","2,19,214","2,20,448","2,25,080","2,27,975","2,30,698","2,35,664","2,42,676","2,46,249","2,50,075","2,52,554","2,49,519","2,46,272","2,41,705","2,33,061","2,23,867","2,25,795","2,33,073","2,39,727","2,49,981","2,57,191","2,54,925","2,54,924","2,48,713","2,48,856","2,45,343","2,44,242","2,45,749","2,45,160","2,50,582","2,50,973","2,56,084","2,57,481","2,62,831","2,70,882","2,75,351","2,84,185","2,89,735","2,94,134","3,08,594","3,17,807","3,28,298","3,36,475","3,47,685","3,58,601","3,66,822","3,72,863","3,79,656","3,87,535"
E09000017,Hillingdon,"81,489","81,154","82,662","82,984","84,197","85,750","86,767","90,256","93,055","94,839","98,337","1,00,976","1,03,077","1,05,442","1,08,140","1,13,129","1,19,189","1,23,857","1,29,349","1,36,315","1,41,787","1,45,344","1,49,686","1,54,231","1,58,026","1,60,820","1,67,535","1,76,332","1,83,959","1,92,215","1,99,144","2,05,967","2,10,379","2,11,668","2,15,507","2,20,009","2,23,758","2,28,240","2,30,612","2,29,581","2,33,399","2,37,339","2,40,271","2,48,374","2,53,091","2,56,038","2,61,742","2,66,815","2,71,401","2,72,529","2,72,896","2,71,690","2,68,423","2,65,659","2,58,943","2,56,830","2,55,440","2,59,126","2,67,003","2,75,086","2,82,348","2,86,060","2,89,257","2,89,530","2,88,639","2,84,143","2,89,255","2,91,321","2,96,744","3,05,584","3,00,791","3,00,546","3,06,450","3,11,281","3,20,661","3,34,985","3,48,123","3,61,821","3,68,449","3,81,118","3,93,842","4,08,068","4,21,983","4,30,478","4,39,746","4,44,236","4,46,908","4,52,469","4,52,272"
E09000018,Hounslow,"89,489","90,184","90,567","89,901","92,155","92,076","94,306","98,623","1,01,768","1,06,307","1,11,400","1,17,691","1,23,952","1,26,020","1,29,991","1,36,561","1,43,128","1,50,664","1,59,286","1,65,927","1,69,888","1,74,215","1,77,736","1,86,019","1,89,187","1,94,544","2,01,928","2,08,112","2,14,367","2,19,223","2,25,600","2,29,634","2,35,931","2,36,059","2,39,572","2,44,242","2,47,790","2,52,374","2,55,066","2,58,099","2,60,221","2,66,815","2,71,539","2,82,094","2,87,101","2,89,174","2,91,867","2,98,382","3,11,925","3,20,669","3,31,002","3,26,201","3,14,107","3,06,648","2,95,564","3,10,473","3,14,530","3,23,953","3,30,029","3,37,225","3,42,719","3,53,524","3,58,222","3,59,516","3,63,455","3,50,045","3,56,878","3,57,982","3,58,795","3,69,487","3,79,629","3,85,656","3,97,806","4,03,530","4,02,724","4,17,422","4,27,360","4,29,654","4,47,842","4,56,432","4,62,024","4,80,960","4,85,794","4,80,409","4,76,268","4,82,235","4,81,450","4,84,162","5,07,876"
E09000019,Islington,"1,19,917","1,18,675","1,19,667","1,22,680","1,24,792","1,27,844","1,35,459","1,39,720","1,44,903","1,49,140","1,56,032","1,63,670","1,69,409","1,75,397","1,82,609","1,92,851","2,04,670","2,14,982","2,23,224","2,35,528","2,46,055","2,47,794","2,56,536","2,60,582","2,60,959","2,68,917","2,74,399","2,84,174","2,92,153","2,93,727","2,92,166","2,95,197","2,94,619","3,02,319","3,10,234","3,11,709","3,20,209","3,21,711","3,26,161","3,34,557","3,33,339","3,35,548","3,47,226","3,53,907","3,66,741","3,77,001","3,93,309","4,20,916","4,37,251","4,49,310","4,48,717","4,39,739","4,25,669","4,18,755","4,04,858","4,05,824","4,14,331","4,27,232","4,42,799","4,61,028","4,80,212","4,91,672","5,00,422","5,11,749","5,07,197","5,03,804","5,15,303","5,12,234","5,23,617","5,33,449","5,39,915","5,60,593","5,75,438","5,95,920","6,18,266","6,46,200","6,69,869","6,86,295","7,07,140","7,26,405","7,43,764","7,43,848","7,42,372","7,45,035","7,54,514","7,61,601","7,71,279","7,86,564","7,78,290"
E09000020,Kensington and Chelsea,"2,63,462","2,68,178","2,76,854","2,94,488","2,97,757","3,05,436","3,19,911","3,31,420","3,47,240","3,62,556","3,66,439","3,77,194","3,78,450","3,78,202","3,91,068","4,04,080","4,32,504","4,70,522","5,07,935","5,41,341","5,58,627","5,59,194","5,59,599","5,80,534","5,83,952","5,90,205","6,07,164","6,10,063","6,15,562","6,26,981","6,31,485","6,37,386","6,60,887","6,75,761","6,82,404","6,97,885","7,11,106","7,16,526","7,29,898","7,47,138","7,56,023","7,82,180","8,12,619","8,46,023","8,73,065","9,14,662","9,50,783","9,97,573","10,23,870","10,50,766","11,08,978","11,16,129","11,85,892","11,44,869","10,93,241","10,75,187","10,42,685","11,16,117","11,23,172","11,73,627","12,56,272","12,66,757","12,98,153","13,02,633","12,90,725","13,10,534","13,72,694","14,71,131","15,11,383","15,51,097","15,61,063","15,98,025","16,66,682","17,23,676","18,14,866","18,86,398","19,46,177","19,51,468","19,48,436","19,35,311","19,14,363","19,48,256","19,26,135","18,86,940","19,53,392","19,84,323","20,68,499","20,87,383","20,92,485"
E09000021,Kingston upon Thames,"97,860","99,118","1,02,870","1,05,213","1,06,789","1,09,919","1,08,694","1,10,879","1,14,268","1,15,966","1,23,194","1,31,109","1,33,869","1,35,500","1,38,183","1,43,870","1,52,164","1,60,221","1,71,821","1,79,859","1,87,757","1,91,720","1,94,952","1,98,862","2,01,931","2,05,869","2,12,811","2,23,583","2,32,365","2,37,295","2,39,480","2,40,951","2,44,841","2,49,150","2,56,072","2,64,315","2,67,525","2,72,215","2,75,020","2,76,943","2,77,468","2,80,611","2,84,432","2,92,102","3,02,953","3,09,666","3,22,970","3,36,822","3,46,884","3,53,079","3,55,826","3,60,191","3,56,364","3,53,924","3,38,317","3,22,697","3,28,180","3,34,037","3,46,665","3,59,105","3,73,249","3,76,982","3,75,509","3,73,182","3,64,948","3,62,299","3,68,658","3,79,006","3,83,982","3,94,607","4,07,334","4,05,679","4,14,419","4,25,260","4,27,499","4,55,795","4,75,081","4,80,285","4,94,013","4,95,871","5,02,091","5,18,836","5,30,638","5,39,644","5,47,214","5,52,448","5,56,435","5,69,995","5,73,938"
E09000022,Lambeth,"79,654","81,693","86,693","90,559","95,723","97,525","1,01,149","1,04,761","1,06,315","1,10,641","1,16,290","1,22,188","1,27,297","1,29,671","1,32,957","1,41,422","1,47,147","1,53,399","1,62,909","1,70,785","1,80,931","1,88,181","1,98,281","2,06,979","2,12,198","2,15,687","2,19,407","2,26,830","2,32,540","2,37,245","2,37,323","2,38,101","2,37,940","2,40,307","2,46,223","2,50,940","2,54,231","2,55,795","2,59,074","2,61,912","2,68,878","2,73,853","2,80,393","2,89,175","2,93,653","3,01,781","3,13,027","3,30,535","3,40,604","3,48,025","3,48,892","3,42,439","3,42,138","3,37,445","3,32,003","3,26,431","3,36,758","3,43,297","3,54,098","3,64,889","3,66,963","3,66,782","3,68,651","3,73,812","3,77,944","3,81,969","3,88,767","3,91,889","3,98,776","4,05,495","4,07,100","4,15,890","4,37,456","4,67,143","5,06,103","5,27,246","5,38,040","5,36,969","5,24,321","5,43,859","5,54,122","5,65,824","5,78,989","5,81,325","5,88,579","5,88,824","5,98,022","6,06,993","6,16,126"
E09000023,Lewisham,"61,562","61,390","61,851","62,219","62,846","64,790","67,217","70,291","73,183","74,945","77,186","81,037","83,082","85,078","88,373","91,841","96,266","1,01,063","1,06,707","1,12,532","1,18,227","1,22,084","1,26,056","1,32,213","1,36,125","1,40,732","1,47,249","1,54,680","1,61,305","1,67,605","1,72,470","1,79,528","1,85,154","1,87,185","1,91,206","1,95,049","1,98,402","2,00,398","2,02,200","2,03,252","2,05,393","2,07,347","2,11,743","2,18,370","2,23,323","2,29,200","2,33,461","2,41,386","2,47,998","2,51,613","2,55,894","2,54,359","2,50,581","2,47,194","2,41,583","2,39,185","2,39,481","2,46,480","2,53,077","2,57,505","2,63,878","2,64,969","2,63,215","2,68,588","2,67,820","2,65,124","2,69,243","2,74,324","2,81,909","2,86,325","2,91,918","2,99,248","3,05,825","3,17,328","3,32,369","3,45,627","3,60,998","3,72,868","3,77,205","3,89,490","4,03,589","4,13,683","4,25,266","4,33,010","4,34,769","4,41,406","4,52,263","4,64,843","4,75,142"
E09000024,Merton,"96,344","97,326","98,930","1,01,355","1,03,989","1,05,153","1,07,475","1,11,618","1,13,866","1,20,142","1,25,785","1,30,714","1,36,021","1,37,431","1,44,604","1,55,181","1,62,996","1,70,873","1,77,675","1,82,337","1,86,627","1,94,247","1,95,325","2,01,089","2,04,604","2,05,113","2,14,757","2,26,403","2,34,692","2,39,482","2,43,406","2,42,451","2,46,892","2,50,967","2,59,842","2,72,145","2,77,341","2,86,626","2,89,099","2,83,598","2,83,600","2,80,881","2,87,210","2,97,004","3,03,443","3,21,657","3,37,209","3,58,282","3,74,834","3,79,810","3,81,204","3,73,098","3,69,174","3,60,161","3,40,168","3,50,717","3,61,132","3,76,058","3,99,083","4,14,252","4,33,780","4,32,129","4,32,363","4,45,778","4,37,253","4,21,790","4,28,081","4,18,027","4,24,513","4,45,755","4,55,122","4,69,707","4,73,134","4,78,460","4,89,128","5,16,913","5,37,708","5,54,910","5,61,600","5,59,727","5,71,363","5,81,611","5,90,516","5,84,853","5,87,371","5,95,194","6,10,873","6,22,631","6,38,519"
E09000025,Newham,"47,528","47,469","47,454","48,250","50,082","51,483","53,401","55,470","57,380","59,463","61,144","62,938","65,286","65,893","68,214","71,137","75,326","81,054","86,436","91,865","97,266","1,00,491","1,05,052","1,09,827","1,17,223","1,22,615","1,30,161","1,38,520","1,45,563","1,53,882","1,62,309","1,69,653","1,77,796","1,81,941","1,85,917","1,90,073","1,91,477","1,94,297","1,97,543","2,00,756","2,03,395","2,06,515","2,07,537","2,10,274","2,11,861","2,14,125","2,18,897","2,24,590","2,31,013","2,38,289","2,43,722","2,44,433","2,43,171","2,36,491","2,14,784","2,08,002","2,06,115","2,07,346","2,11,533","2,16,274","2,19,872","2,17,661","2,15,982","2,14,189","2,14,915","2,16,634","2,17,100","2,17,715","2,18,974","2,23,269","2,25,678","2,29,431","2,33,074","2,36,939","2,46,343","2,58,766","2,69,497","2,79,697","2,91,813","3,01,916","3,19,348","3,32,891","3,42,723","3,51,770","3,70,476","3,85,116","3,99,914","4,08,103","4,09,477"
E09000026,Redbridge,"75,003","74,642","76,297","78,290","80,572","81,599","82,762","84,382","86,048","88,246","90,976","93,599","95,245","97,117","99,672","1,04,122","1,09,668","1,14,290","1,20,130","1,27,308","1,31,900","1,36,202","1,42,409","1,48,546","1,55,125","1,59,695","1,66,520","1,76,355","1,85,697","1,93,813","2,00,412","2,06,462","2,11,539","2,15,539","2,22,055","2,28,465","2,32,737","2,35,263","2,34,736","2,35,779","2,38,364","2,39,694","2,44,350","2,50,668","2,56,576","2,62,483","2,68,461","2,75,344","2,80,740","2,85,045","2,88,028","2,85,705","2,80,700","2,71,011","2,61,689","2,56,656","2,55,681","2,62,208","2,64,137","2,72,608","2,86,209","2,91,827","2,99,659","2,99,085","2,94,854","2,94,571","2,97,753","3,02,055","3,03,591","3,04,484","3,04,355","3,10,602","3,15,401","3,19,286","3,23,876","3,28,535","3,38,667","3,50,042","3,61,737","3,74,849","3,87,917","3,98,562","4,05,431","4,14,932","4,23,130","4,29,587","4,36,349","4,46,246","4,52,437"
E09000027,Richmond upon Thames,"1,38,737","1,41,172","1,42,240","1,49,004","1,50,296","1,52,568","1,58,326","1,65,749","1,72,729","1,79,404","1,85,260","1,93,949","2,01,779","2,08,368","2,16,038","2,26,948","2,37,840","2,45,476","2,58,744","2,74,628","2,84,503","2,91,387","2,92,059","2,99,912","3,00,995","3,03,566","3,09,607","3,14,195","3,24,221","3,31,227","3,40,908","3,44,508","3,46,906","3,51,207","3,63,392","3,75,033","3,83,815","3,88,498","3,92,415","3,91,170","3,92,783","3,99,639","4,01,703","4,19,930","4,34,585","4,48,625","4,68,302","4,94,969","5,10,950","5,17,383","5,20,946","5,15,515","5,08,911","5,04,190","4,89,576","4,77,884","5,08,409","5,23,607","5,38,002","5,51,143","5,50,796","5,51,477","5,56,449","5,70,095","5,70,178","5,69,936","5,81,650","5,78,245","5,90,459","5,98,295","6,10,496","6,38,325","6,44,778","6,57,522","6,80,308","7,03,304","7,30,459","7,43,646","7,43,074","7,54,025","7,54,191","7,72,074","7,74,663","7,76,471","7,75,357","7,80,110","7,98,328","8,07,647","8,19,044"
E09000028,Southwark,"84,677","84,119","84,623","85,625","87,617","89,780","94,895","99,397","1,03,515","1,07,542","1,12,762","1,16,950","1,21,755","1,25,327","1,26,721","1,35,335","1,42,789","1,50,198","1,60,921","1,71,580","1,84,697","1,92,996","2,02,504","2,07,358","2,09,574","2,10,746","2,13,760","2,18,207","2,21,727","2,26,887","2,29,420","2,35,119","2,40,345","2,40,734","2,46,804","2,50,317","2,52,682","2,58,667","2,60,600","2,68,108","2,73,515","2,73,274","2,77,340","2,81,820","2,89,173","2,99,248","3,10,412","3,23,684","3,32,738","3,36,992","3,36,419","3,34,725","3,28,055","3,25,587","3,25,480","3,28,390","3,38,570","3,49,598","3,57,391","3,70,741","3,76,688","3,83,983","3,86,916","3,96,801","4,00,980","3,95,247","4,06,827","4,05,335","4,15,796","4,19,837","4,25,673","4,31,743","4,41,747","4,54,455","4,70,323","5,01,088","5,18,144","5,35,907","5,47,127","5,59,003","5,83,065","6,07,715","6,23,542","6,24,573","6,43,858","6,51,179","6,62,741","6,67,660","6,41,210"
E09000029,Sutton,"76,952","76,047","76,122","77,043","79,561","81,473","82,908","85,119","88,169","90,807","94,426","97,863","1,00,413","1,02,553","1,05,576","1,08,881","1,13,447","1,17,278","1,23,746","1,31,068","1,38,136","1,44,099","1,47,035","1,51,108","1,53,408","1,55,900","1,62,870","1,70,053","1,77,432","1,83,933","1,90,311","1,94,447","1,97,763","1,98,117","2,01,023","2,07,607","2,12,522","2,17,030","2,20,537","2,24,050","2,25,682","2,29,339","2,32,054","2,33,211","2,39,235","2,41,763","2,46,238","2,54,492","2,61,248","2,65,513","2,71,116","2,67,693","2,59,375","2,49,612","2,37,782","2,39,943","2,39,794","2,46,460","2,51,180","2,56,173","2,64,951","2,64,252","2,66,686","2,66,756","2,67,042","2,68,678","2,68,853","2,70,504","2,72,250","2,75,048","2,79,230","2,83,753","2,86,681","2,91,217","2,97,183","3,10,500","3,22,434","3,30,233","3,38,644","3,47,086","3,58,826","3,68,930","3,76,758","3,83,561","3,87,585","3,91,484","3,93,962","3,97,079","4,02,121"
E09000030,Tower Hamlets,"76,933","77,991","79,620","84,703","88,715","94,478","1,00,381","1,05,043","1,10,807","1,13,115","1,18,614","1,22,802","1,29,367","1,34,143","1,40,888","1,52,536","1,59,999","1,63,782","1,76,660","1,83,803","1,90,411","1,98,941","2,01,106","2,05,432","2,08,596","2,10,666","2,13,808","2,17,653","2,22,708","2,26,996","2,31,764","2,34,073","2,37,860","2,38,258","2,45,398","2,55,378","2,60,847","2,67,612","2,69,490","2,68,045","2,65,639","2,64,846","2,66,700","2,71,840","2,81,493","2,90,478","3,05,772","3,20,586","3,33,393","3,41,251","3,41,044","3,39,403","3,28,379","3,20,260","3,16,859","3,21,488","3,33,797","3,40,224","3,41,441","3,48,806","3,45,385","3,44,494","3,45,302","3,40,546","3,45,026","3,41,807","3,48,210","3,51,651","3,55,588","3,57,936","3,61,379","3,70,252","3,83,842","4,06,121","4,23,749","4,39,575","4,45,319","4,46,399","4,50,292","4,62,677","4,83,423","5,01,531","5,14,842","5,20,480","5,24,508","5,27,413","5,31,270","5,45,749","5,54,009"
E09000031,Waltham Forest,"58,120","58,593","58,918","59,701","60,623","61,107","63,090","65,159","67,020","69,209","72,169","74,597","77,012","78,327","80,159","84,483","88,497","92,424","96,828","1,01,584","1,05,279","1,08,973","1,12,765","1,17,904","1,23,846","1,29,445","1,37,053","1,46,819","1,55,056","1,62,168","1,68,845","1,74,065","1,78,958","1,82,835","1,86,995","1,91,690","1,95,125","1,97,815","2,01,055","2,03,955","2,05,386","2,06,829","2,08,759","2,12,429","2,18,586","2,24,270","2,30,960","2,39,058","2,45,515","2,49,325","2,51,148","2,46,718","2,38,156","2,30,032","2,19,404","2,16,550","2,20,077","2,24,894","2,28,730","2,33,459","2,36,576","2,36,536","2,37,239","2,36,901","2,40,234","2,40,384","2,46,645","2,50,517","2,51,671","2,56,793","2,57,487","2,68,046","2,81,255","2,92,084","3,03,020","3,19,350","3,34,326","3,44,913","3,58,406","3,70,891","3,84,365","4,00,482","4,11,538","4,21,625","4,31,878","4,40,634","4,45,599","4,54,901","4,59,922"
E09000032,Wandsworth,"1,10,955","1,11,891","1,13,634","1,18,344","1,20,488","1,23,118","1,27,969","1,32,636","1,37,915","1,42,754","1,47,894","1,54,251","1,56,645","1,60,586","1,68,635","1,79,693","1,92,372","2,02,002","2,12,924","2,26,967","2,33,777","2,40,349","2,47,841","2,49,813","2,52,378","2,54,088","2,62,605","2,74,950","2,85,773","2,92,727","2,93,003","2,92,863","2,99,813","3,10,816","3,22,061","3,32,539","3,35,011","3,36,692","3,40,444","3,45,308","3,49,202","3,52,938","3,64,147","3,78,876","3,95,120","4,07,124","4,22,235","4,43,717","4,55,751","4,63,603","4,64,625","4,54,038","4,44,944","4,38,171","4,36,633","4,39,166","4,59,109","4,70,622","4,77,473","4,95,539","4,93,683","5,00,796","5,05,077","5,03,921","5,08,691","5,07,213","5,13,066","5,22,636","5,32,430","5,35,886","5,45,991","5,69,087","5,84,510","6,05,399","6,38,790","6,59,668","6,81,731","6,91,864","6,82,203","6,80,211","6,87,589","7,13,747","7,31,863","7,54,445","7,75,484","7,88,357","8,16,479","8,16,531","8,18,443"
E09000033,Westminster,"1,83,338","1,83,426","1,81,127","1,84,257","1,90,417","1,96,550","2,07,530","2,19,942","2,28,494","2,46,385","2,57,455","2,74,398","2,82,269","2,84,576","2,88,677","2,89,658","3,07,029","3,16,417","3,39,467","3,58,448","3,74,658","3,86,844","3,97,026","4,08,726","4,10,251","4,14,744","4,26,735","4,33,570","4,40,783","4,44,678","4,41,256","4,48,006","4,57,656","4,63,195","4,79,742","4,91,346","4,98,794","5,15,238","5,10,024","5,20,482","5,45,120","5,58,164","5,83,482","5,98,410","5,89,613","5,98,967","6,16,235","6,60,225","6,93,083","7,16,163","7,38,523","7,46,194","7,81,173","7,84,293","7,90,577","7,58,786","7,42,745","7,63,191","7,69,071","7,94,495","8,23,306","8,60,909","9,04,648","9,38,689","9,58,412","9,42,424","10,03,751","10,51,366","11,47,250","12,21,006","12,65,186","12,95,559","12,99,376","13,08,842","13,14,236","13,95,017","14,64,109","14,90,361","14,68,287","14,12,083","13,61,091","14,13,086","14,75,927","15,23,144","15,79,839","16,09,658","16,58,550","16,44,863","17,18,124"
,,,,,,,,,,,,,,,,,,,,,,,,,,,,,,,,,,,,,,,,,,,,,,,,,,,,,,,,,,,,,,,,,,,,,,,,,,,,,,,,,,,,,,,,,,
,,,,,,,,,,,,,,,,,,,,,,,,,,,,,,,,,,,,,,,,,,,,,,,,,,,,,,,,,,,,,,,,,,,,,,,,,,,,,,,,,,,,,,,,,,
,,,,,,,,,,,,,,,,,,,,,,,,,,,,,,,,,,,,,,,,,,,,,,,,,,,,,,,,,,,,,,,,,,,,,,,,,,,,,,,,,,,,,,,,,,
,,,,,,,,,,,,,,,,,,,,,,,,,,,,,,,,,,,,,,,,,,,,,,,,,,,,,,,,,,,,,,,,,,,,,,,,,,,,,,,,,,,,,,,,,,
,,,,,,,,,,,,,,,,,,,,,,,,,,,,,,,,,,,,,,,,,,,,,,,,,,,,,,,,,,,,,,,,,,,,,,,,,,,,,,,,,,,,,,,,,,
,,,,,,,,,,,,,,,,,,,,,,,,,,,,,,,,,,,,,,,,,,,,,,,,,,,,,,,,,,,,,,,,,,,,,,,,,,,,,,,,,,,,,,,,,,
,,,,,,,,,,,,,,,,,,,,,,,,,,,,,,,,,,,,,,,,,,,,,,,,,,,,,,,,,,,,,,,,,,,,,,,,,,,,,,,,,,,,,,,,,,
,,,,,,,,,,,,,,,,,,,,,,,,,,,,,,,,,,,,,,,,,,,,,,,,,,,,,,,,,,,,,,,,,,,,,,,,,,,,,,,,,,,,,,,,,,
,,,,,,,,,,,,,,,,,,,,,,,,,,,,,,,,,,,,,,,,,,,,,,,,,,,,,,,,,,,,,,,,,,,,,,,,,,,,,,,,,,,,,,,,,,
,,,,,,,,,,,,,,,,,,,,,,,,,,,,,,,,,,,,,,,,,,,,,,,,,,,,,,,,,,,,,,,,,,,,,,,,,,,,,,,,,,,,,,,,,,
,,,,,,,,,,,,,,,,,,,,,,,,,,,,,,,,,,,,,,,,,,,,,,,,,,,,,,,,,,,,,,,,,,,,,,,,,,,,,,,,,,,,,,,,,,
,,,,,,,,,,,,,,,,,,,,,,,,,,,,,,,,,,,,,,,,,,,,,,,,,,,,,,,,,,,,,,,,,,,,,,,,,,,,,,,,,,,,,,,,,,
,,,,,,,,,,,,,,,,,,,,,,,,,,,,,,,,,,,,,,,,,,,,,,,,,,,,,,,,,,,,,,,,,,,,,,,,,,,,,,,,,,,,,,,,,,
,,,,,,,,,,,,,,,,,,,,,,,,,,,,,,,,,,,,,,,,,,,,,,,,,,,,,,,,,,,,,,,,,,,,,,,,,,,,,,,,,,,,,,,,,,
